{
"configs" : [
  {
"server" : "106.185.47.168",
"server_port" : 443,
"password" : "jiubugaosuni$",
"method" : "aes-256-cfb",
"remarks" : ""}
,
  {
"server" : "107.191.61.60",
"server_port" : 443,
"password" : "jiubugaosuni$",
"method" : "aes-256-cfb",
"remarks" : "107"}
,
  {
"server" : "139.162.28.131",
"server_port" : 443,
"password" : "jiubugaosuni$",
"method" : "aes-256-cfb",
"remarks" : "139.162.28.131"}
,
  {
"server" : "104.238.161.179",
"server_port" : 1521,
"password" : "jiubugaosuni$",
"method" : "aes-256-cfb",
"remarks" : ""}
,
  {
"server" : "45.63.127.155",
"server_port" : 443,
"password" : "jiubugaosuni$",
"method" : "aes-256-cfb",
"remarks" : "45.63.127.155"}
,
  {
"server" : "45.76.101.247",
"server_port" : 443,
"password" : "jiubugaosuni$",
"method" : "aes-256-cfb",
"remarks" : ""}
,
  {
"server" : "104.238.161.179",
"server_port" : 443,
"password" : "shitanruanjian2016",
"method" : "aes-256-cfb",
"remarks" : "askmaclean.com"}
,
  {
"server" : "45.76.101.247",
"server_port" : 443,
"password" : "jiubugaosuni$",
"method" : "aes-256-cfb",
"remarks" : "45.76.101.247"}
,
  {
"server" : "138.128.197.58",
"server_port" : 443,
"password" : "Y2RkNjBhMW",
"method" : "aes-256-cfb",
"remarks" : "138.128.197.58"}
,
  {
"server" : "162.245.239.68",
"server_port" : 777,
"password" : "ntdtv.com",
"method" : "rc4",
"remarks" : ""}
,
  {
"server" : "185.118.166.1",
"server_port" : 7654,
"password" : "ntdtv.com",
"method" : "rc4",
"remarks" : ""}
,
  {
"server" : "51.15.3.162",
"server_port" : 12345,
"password" : "ntdtv.com",
"method" : "rc4",
"remarks" : ""}
,
  {
"server" : "64.32.6.246",
"server_port" : 45678,
"password" : "dongtaiwang.com",
"method" : "rc4",
"remarks" : ""}

],
"strategy" : null,
"index" : 9,
"global" : true,
"enabled" : false,
"shareOverLan" : false,
"isDefault" : false,
"localPort" : 1080,
"pacUrl" : null,
"useOnlinePac" : false,
"availabilityStatistics" : false}
