{
"configs" : [
  {
"server" : "106.185.47.168",
"server_port" : 443,
"password" : "jiubugaosuni$",
"method" : "aes-256-cfb",
"remarks" : ""}
,
  {
"server" : "107.191.61.60",
"server_port" : 443,
"password" : "jiubugaosuni$",
"method" : "aes-256-cfb",
"remarks" : "107"}
,
  {
"server" : "139.162.28.131",
"server_port" : 443,
"password" : "jiubugaosuni$",
"method" : "aes-256-cfb",
"remarks" : "139.162.28.131"}
,
  {
"server" : "104.238.161.179",
"server_port" : 1521,
"password" : "jiubugaosuni$",
"method" : "aes-256-cfb",
"remarks" : ""}
,
  {
"server" : "45.63.127.155",
"server_port" : 443,
"password" : "jiubugaosuni$",
"method" : "aes-256-cfb",
"remarks" : "45.63.127.155"}
,
  {
"server" : "45.76.101.247",
"server_port" : 443,
"password" : "jiubugaosuni$",
"method" : "aes-256-cfb",
"remarks" : ""}
,
  {
"server" : "104.238.161.179",
"server_port" : 443,
"password" : "shitanruanjian2016",
"method" : "aes-256-cfb",
"remarks" : "askmaclean.com"}
,
  {
"server" : "45.76.101.247",
"server_port" : 443,
"password" : "jiubugaosuni$",
"method" : "aes-256-cfb",
"remarks" : "45.76.101.247"}

],
"strategy" : null,
"index" : 5,
"global" : false,
"enabled" : true,
"shareOverLan" : false,
"isDefault" : false,
"localPort" : 1080,
"pacUrl" : null,
"useOnlinePac" : false,
"availabilityStatistics" : false}
